{
  "run_id": "20251116-160912Z",
  "short": {
    "tau_max": 10,
    "taus": [
      2.0,
      3.0,
      4.0,
      5.0,
      6.0,
      7.0,
      8.0,
      9.0,
      10.0
    ],
    "alpha": 0.5777560853089112,
    "C": 0.9327115165991934,
    "R2": 0.6099307796065473,
    "per_series": {
      "CALM_D_center": {
        "source_label": "CALM",
        "path": "E:\\CNT\\artifacts\\cnt_udl_v0_1\\cnt_udl_hazard_EEG_CALM.csv",
        "col": "D_center",
        "n": 17,
        "std": 1.5095963387765525,
        "alpha_local": 0.9999999999999996,
        "C_local": 1.0000000000000002,
        "R2_local": 1.0,
        "tau_star": 6.0,
        "D_star": 1.224744871391589
      },
      "CALM_count": {
        "source_label": "CALM",
        "path": "E:\\CNT\\artifacts\\cnt_udl_v0_1\\cnt_udl_hazard_EEG_CALM.csv",
        "col": "count",
        "n": 17,
        "std": 410.7013412389856,
        "alpha_local": 0.28373167444608516,
        "C_local": 0.9132783393585238,
        "R2_local": 0.300694108497672,
        "tau_star": 3.9483985765124556,
        "D_star": 1.5479618305654848
      },
      "CALM_events": {
        "source_label": "CALM",
        "path": "E:\\CNT\\artifacts\\cnt_udl_v0_1\\cnt_udl_hazard_EEG_CALM.csv",
        "col": "events",
        "n": 17,
        "std": 256.7451309835048,
        "alpha_local": 1.0552181071166902,
        "C_local": 0.7999006930200465,
        "R2_local": 0.8102164335605497,
        "tau_star": 4.019642857142857,
        "D_star": 1.3602984355034893
      },
      "CALM_hazard": {
        "source_label": "CALM",
        "path": "E:\\CNT\\artifacts\\cnt_udl_v0_1\\cnt_udl_hazard_EEG_CALM.csv",
        "col": "hazard",
        "n": 17,
        "std": 0.3648911487223072,
        "alpha_local": 1.2738217246966532,
        "C_local": 0.962640888789462,
        "R2_local": 0.994443535336594,
        "tau_star": 5.786744083387807,
        "D_star": 1.239652600516119
      },
      "KURAMOTO_px": {
        "source_label": "KURAMOTO",
        "path": "E:\\CNT\\artifacts\\g_dren\\20251105-221112Z_v02f\\gdren_v02f_features.csv",
        "col": "px",
        "n": 10615,
        "std": 149.65023146516563,
        "alpha_local": 0.5939617371604411,
        "C_local": 0.9479345052844369,
        "R2_local": 0.9709696814602111,
        "tau_star": 4.354386234990377,
        "D_star": 0.008244684928273752
      },
      "KURAMOTO_ret": {
        "source_label": "KURAMOTO",
        "path": "E:\\CNT\\artifacts\\g_dren\\20251105-221112Z_v02f\\gdren_v02f_features.csv",
        "col": "ret",
        "n": 10614,
        "std": 0.01036294836454674,
        "alpha_local": -0.1421821899395815,
        "C_local": 1.0116722528048012,
        "R2_local": 0.5079957984526706,
        "tau_star": 2.5,
        "D_star": 0.6244033960230599
      },
      "KURAMOTO_vix": {
        "source_label": "KURAMOTO",
        "path": "E:\\CNT\\artifacts\\g_dren\\20251105-221112Z_v02f\\gdren_v02f_features.csv",
        "col": "vix",
        "n": 11394,
        "std": 7.972316154104792,
        "alpha_local": 0.4762413617095998,
        "C_local": 0.9720302687924458,
        "R2_local": 0.9867196447990714,
        "tau_star": 4.550000953670662,
        "D_star": 0.1411133199253215
      },
      "KURAMOTO_dvix": {
        "source_label": "KURAMOTO",
        "path": "E:\\CNT\\artifacts\\g_dren\\20251105-221112Z_v02f\\gdren_v02f_features.csv",
        "col": "dvix",
        "n": 11393,
        "std": 0.06340472793136895,
        "alpha_local": -0.11792377916254326,
        "C_local": 1.0105579194815355,
        "R2_local": 0.5110560917471172,
        "tau_star": 2.5000000000000036,
        "D_star": 0.7116136321133661
      },
      "KURAMOTO_cred_ret": {
        "source_label": "KURAMOTO",
        "path": "E:\\CNT\\artifacts\\g_dren\\20251105-221112Z_v02f\\gdren_v02f_features.csv",
        "col": "cred_ret",
        "n": 6783,
        "std": 0.007138117817610467,
        "alpha_local": -0.24796942657031124,
        "C_local": 1.0127824748588057,
        "R2_local": 0.4766926739877324,
        "tau_star": 2.6583744179498185,
        "D_star": 0.5279417730594539
      },
      "KURAMOTO_temp_anom": {
        "source_label": "KURAMOTO",
        "path": "E:\\CNT\\artifacts\\g_dren\\20251105-221112Z_v02f\\gdren_v02f_features.csv",
        "col": "temp_anom",
        "n": 7605,
        "std": 4.398648782422974,
        "alpha_local": 0.14483531080514384,
        "C_local": 0.9839135637502812,
        "R2_local": 0.8625906333182096,
        "tau_star": 3.2499999999999964,
        "D_star": 0.6706605018768984
      },
      "KURAMOTO_S_d_mkt": {
        "source_label": "KURAMOTO",
        "path": "E:\\CNT\\artifacts\\g_dren\\20251105-221112Z_v02f\\gdren_v02f_features.csv",
        "col": "S_d_mkt",
        "n": 11139,
        "std": 1994.402335118332,
        "alpha_local": 0.4162502187832955,
        "C_local": 1.0557075110850866,
        "R2_local": 0.6661639650784636,
        "tau_star": 8.010194590323882,
        "D_star": 0.005282734313776266
      },
      "KURAMOTO_AR1_mkt": {
        "source_label": "KURAMOTO",
        "path": "E:\\CNT\\artifacts\\g_dren\\20251105-221112Z_v02f\\gdren_v02f_features.csv",
        "col": "AR1_mkt",
        "n": 11138,
        "std": 0.07267649286000318,
        "alpha_local": 0.7510381005849828,
        "C_local": 0.9584083834481198,
        "R2_local": 0.9893279869445156,
        "tau_star": 4.9334110475460635,
        "D_star": 0.07529358412208409
      },
      "KURAMOTO_S_d_vix": {
        "source_label": "KURAMOTO",
        "path": "E:\\CNT\\artifacts\\g_dren\\20251105-221112Z_v02f\\gdren_v02f_features.csv",
        "col": "S_d_vix",
        "n": 11139,
        "std": 81.21330249362546,
        "alpha_local": 0.4140484506169774,
        "C_local": 1.071494189703351,
        "R2_local": 0.7365018409594077,
        "tau_star": 7.7483928083669555,
        "D_star": 0.014440988335987205
      },
      "KURAMOTO_AR1_vix": {
        "source_label": "KURAMOTO",
        "path": "E:\\CNT\\artifacts\\g_dren\\20251105-221112Z_v02f\\gdren_v02f_features.csv",
        "col": "AR1_vix",
        "n": 11139,
        "std": 0.07176514750797369,
        "alpha_local": 0.7237495585922666,
        "C_local": 0.9813684349257644,
        "R2_local": 0.9955881775611559,
        "tau_star": 5.200320610245128,
        "D_star": 0.07291464384534528
      },
      "KURAMOTO_S_d_cred": {
        "source_label": "KURAMOTO",
        "path": "E:\\CNT\\artifacts\\g_dren\\20251105-221112Z_v02f\\gdren_v02f_features.csv",
        "col": "S_d_cred",
        "n": 11139,
        "std": 36537.78988070617,
        "alpha_local": 0.1649344610701993,
        "C_local": 0.991727409910309,
        "R2_local": 0.13794728484139407,
        "tau_star": 8.134673603176486,
        "D_star": 0.000139744080297489
      },
      "KURAMOTO_AR1_cred": {
        "source_label": "KURAMOTO",
        "path": "E:\\CNT\\artifacts\\g_dren\\20251105-221112Z_v02f\\gdren_v02f_features.csv",
        "col": "AR1_cred",
        "n": 11138,
        "std": 0.06415794647023763,
        "alpha_local": 0.9806212926786272,
        "C_local": 0.9356804773231486,
        "R2_local": 0.9830549060938275,
        "tau_star": 5.11866180013064,
        "D_star": 0.023020159862004563
      },
      "KURAMOTO_S_d_tmp": {
        "source_label": "KURAMOTO",
        "path": "E:\\CNT\\artifacts\\g_dren\\20251105-221112Z_v02f\\gdren_v02f_features.csv",
        "col": "S_d_tmp",
        "n": 11139,
        "std": 88.91437290763174,
        "alpha_local": 0.9195645272528006,
        "C_local": 1.0252621519762963,
        "R2_local": 0.9979876134489408,
        "tau_star": 6.287160839644757,
        "D_star": 0.00014073723732013765
      },
      "KURAMOTO_AR1_tmp": {
        "source_label": "KURAMOTO",
        "path": "E:\\CNT\\artifacts\\g_dren\\20251105-221112Z_v02f\\gdren_v02f_features.csv",
        "col": "AR1_tmp",
        "n": 11138,
        "std": 0.3507894172013568,
        "alpha_local": 0.7883852807305065,
        "C_local": 1.0032086083500067,
        "R2_local": 0.9993242276071854,
        "tau_star": 5.856354577269601,
        "D_star": 0.006161977947291175
      },
      "KURAMOTO_Gamma_mkt_vix": {
        "source_label": "KURAMOTO",
        "path": "E:\\CNT\\artifacts\\g_dren\\20251105-221112Z_v02f\\gdren_v02f_features.csv",
        "col": "Gamma_mkt_vix",
        "n": 10486,
        "std": 0.06768505970981707,
        "alpha_local": 0.9802868434426637,
        "C_local": 0.9947329461975871,
        "R2_local": 0.9999217291168462,
        "tau_star": 5.898634130115194,
        "D_star": 0.06462960453021366
      },
      "KURAMOTO_Gamma_mkt_cred": {
        "source_label": "KURAMOTO",
        "path": "E:\\CNT\\artifacts\\g_dren\\20251105-221112Z_v02f\\gdren_v02f_features.csv",
        "col": "Gamma_mkt_cred",
        "n": 6655,
        "std": 0.09636270331848334,
        "alpha_local": 0.9886893835107613,
        "C_local": 0.9943141020759744,
        "R2_local": 0.9999454519644382,
        "tau_star": 5.927667807664617,
        "D_star": 0.05445993601882748
      },
      "KURAMOTO_NEXUS": {
        "source_label": "KURAMOTO",
        "path": "E:\\CNT\\artifacts\\g_dren\\20251105-221112Z_v02f\\gdren_v02f_features.csv",
        "col": "NEXUS",
        "n": 10998,
        "std": 0.2665821745596401,
        "alpha_local": 0.9869672450575309,
        "C_local": 0.9993339236066214,
        "R2_local": 0.9999905146039247,
        "tau_star": 5.978895834153763,
        "D_star": 0.048861296992250225
      }
    }
  },
  "kur_long": {
    "tau_max": 2000,
    "taus": [
      2.0,
      3.0,
      4.0,
      6.0,
      8.0,
      12.0,
      16.0,
      22.0,
      29.0,
      40.0,
      54.0,
      73.0,
      99.0,
      134.0,
      180.0,
      244.0,
      329.0,
      445.0,
      601.0,
      812.0,
      1096.0,
      1481.0,
      2000.0
    ],
    "alpha": 0.62849640383756,
    "C": 0.9695125414372955,
    "R2": 0.8288168606820058,
    "per_series": {
      "KURAMOTO_px": {
        "source_label": "KURAMOTO",
        "path": "E:\\CNT\\artifacts\\g_dren\\20251105-221112Z_v02f\\gdren_v02f_features.csv",
        "col": "px",
        "n": 10615,
        "std": 149.65023146516563,
        "alpha_local": 0.8268957859775171,
        "C_local": 1.0215281950481088,
        "R2_local": 0.9860490837274438,
        "tau_star": 784.4659255262696,
        "D_star": 0.2016124066843935
      },
      "KURAMOTO_vix": {
        "source_label": "KURAMOTO",
        "path": "E:\\CNT\\artifacts\\g_dren\\20251105-221112Z_v02f\\gdren_v02f_features.csv",
        "col": "vix",
        "n": 11394,
        "std": 7.972316154104792,
        "alpha_local": 0.3798513586583362,
        "C_local": 1.058977169510557,
        "R2_local": 0.9465949793588133,
        "tau_star": 379.56422257271817,
        "D_star": 0.5418751700454194
      },
      "KURAMOTO_AR1_mkt": {
        "source_label": "KURAMOTO",
        "path": "E:\\CNT\\artifacts\\g_dren\\20251105-221112Z_v02f\\gdren_v02f_features.csv",
        "col": "AR1_mkt",
        "n": 11138,
        "std": 0.07267649286000318,
        "alpha_local": 0.6293469837567868,
        "C_local": 0.9941023723414988,
        "R2_local": 0.9873339244493168,
        "tau_star": 111.74640310280611,
        "D_star": 0.5179448946909868
      },
      "KURAMOTO_AR1_vix": {
        "source_label": "KURAMOTO",
        "path": "E:\\CNT\\artifacts\\g_dren\\20251105-221112Z_v02f\\gdren_v02f_features.csv",
        "col": "AR1_vix",
        "n": 11139,
        "std": 0.07176514750797369,
        "alpha_local": 0.662700540262796,
        "C_local": 0.9886423941157398,
        "R2_local": 0.9938202759160967,
        "tau_star": 116.31903498667147,
        "D_star": 0.5697269050105012
      },
      "KURAMOTO_AR1_cred": {
        "source_label": "KURAMOTO",
        "path": "E:\\CNT\\artifacts\\g_dren\\20251105-221112Z_v02f\\gdren_v02f_features.csv",
        "col": "AR1_cred",
        "n": 11138,
        "std": 0.06415794647023763,
        "alpha_local": 0.9089541051446319,
        "C_local": 0.7343180237495287,
        "R2_local": 0.8661932196250042,
        "tau_star": 316.4850764459685,
        "D_star": 0.313812736676434
      },
      "KURAMOTO_S_d_tmp": {
        "source_label": "KURAMOTO",
        "path": "E:\\CNT\\artifacts\\g_dren\\20251105-221112Z_v02f\\gdren_v02f_features.csv",
        "col": "S_d_tmp",
        "n": 11139,
        "std": 88.91437290763174,
        "alpha_local": 0.5869587470343859,
        "C_local": 1.0912450789217774,
        "R2_local": 0.8585608858685789,
        "tau_star": 935.5452594682438,
        "D_star": 0.0037323737381060595
      },
      "KURAMOTO_AR1_tmp": {
        "source_label": "KURAMOTO",
        "path": "E:\\CNT\\artifacts\\g_dren\\20251105-221112Z_v02f\\gdren_v02f_features.csv",
        "col": "AR1_tmp",
        "n": 11138,
        "std": 0.3507894172013568,
        "alpha_local": 0.5374369491762218,
        "C_local": 1.0419845559281433,
        "R2_local": 0.9422755131801677,
        "tau_star": 344.8257092772826,
        "D_star": 0.056643708993460384
      },
      "KURAMOTO_Gamma_mkt_vix": {
        "source_label": "KURAMOTO",
        "path": "E:\\CNT\\artifacts\\g_dren\\20251105-221112Z_v02f\\gdren_v02f_features.csv",
        "col": "Gamma_mkt_vix",
        "n": 10486,
        "std": 0.06768505970981707,
        "alpha_local": 0.5127088158949283,
        "C_local": 0.9425855077741644,
        "R2_local": 0.977792365139654,
        "tau_star": 61.79084740819184,
        "D_star": 0.4056588702385773
      },
      "KURAMOTO_Gamma_mkt_cred": {
        "source_label": "KURAMOTO",
        "path": "E:\\CNT\\artifacts\\g_dren\\20251105-221112Z_v02f\\gdren_v02f_features.csv",
        "col": "Gamma_mkt_cred",
        "n": 6655,
        "std": 0.09636270331848334,
        "alpha_local": 0.3987125420881799,
        "C_local": 0.995778559469103,
        "R2_local": 0.964849696716294,
        "tau_star": 127.47528369786241,
        "D_star": 0.47069774786519203
      },
      "KURAMOTO_NEXUS": {
        "source_label": "KURAMOTO",
        "path": "E:\\CNT\\artifacts\\g_dren\\20251105-221112Z_v02f\\gdren_v02f_features.csv",
        "col": "NEXUS",
        "n": 10998,
        "std": 0.2665821745596401,
        "alpha_local": 0.7722018425662922,
        "C_local": 0.9367820773607795,
        "R2_local": 0.985435552214974,
        "tau_star": 92.52149564617125,
        "D_star": 0.6414482217752392
      }
    }
  }
}