[
  {
    "law":"CNT-QA Law v1",
    "metric":"qa_rf_R2",
    "status":"not_satisfied",
    "value":0.123,
    "tool":"cnt_unified_smoke_test",
    "dataset":"CNT_UNIFIED_SMOKE",
    "run_id":"20251116-165248Z",
    "recorded_at":1763311968000,
    "description":"Outpost QA reward model explains at least 40% of variance.",
    "details":"value=0.123, threshold\u22650.4"
  },
  {
    "law":"Universal Drift Law (field \u03b1_short ~ 0.6)",
    "metric":"drift_alpha_short_mean",
    "status":"satisfied",
    "value":0.595,
    "tool":"cnt_universal_drift_v1",
    "dataset":"CALM+KURAMOTO+MARKETS+THERMAL",
    "run_id":"20251116-160912Z",
    "recorded_at":1763312619000,
    "description":"Field-class drift exponent lies near 0.6 across modalities.",
    "details":"value=0.595, target=0.6, |diff|=0.005 \u2264 tol=0.1?"
  },
  {
    "law":"Drift Hazard Gap (hazard \u03b1_short > field \u03b1_short)",
    "metric":"hazard_alpha_short_mean",
    "status":"satisfied",
    "value":1.023,
    "tool":"cnt_universal_drift_v1",
    "dataset":"CALM+KURAMOTO+MARKETS+THERMAL",
    "run_id":"20251116-160912Z",
    "recorded_at":1763312619000,
    "description":"Hazard-class drift exponent is significantly higher than field-class.",
    "details":"value=1.023, threshold\u22650.9"
  }
]