dataset,kind,heuristic_event,N,window,Theta*,AUC,Precision_at_Theta*,Lead@Hit,Lead@Any,variant
live_temp_20251017-233152,real_live,True,53,10,0.55,0.3564189189189189,0.3404255319148936,0.0,4.0,base_returns
live_temp_20251017-233152,real_live,True,53,10,0.55,0.3564189189189189,0.3404255319148936,0.0,4.0,"gauge_affine(a=2.5,b=7.0)"
live_temp_20251017-233152,real_live,True,54,10,0.55,0.2138157894736842,0.0,,-18.0,diag_levels_only
wikiviews_gamestop_20201201_20210301,public_wikiviews,False,83,16,0.55,0.5466101694915254,0.23076923076923078,,-25.0,base_returns
wikiviews_gamestop_20201201_20210301,public_wikiviews,False,83,16,0.55,0.5466101694915254,0.23076923076923078,,-25.0,"gauge_affine(a=2.5,b=7.0)"
wikiviews_gamestop_20201201_20210301,public_wikiviews,False,38,8,0.55,0.5292307692307693,0.0,,-15.0,gauge_decimate2
wikiviews_gamestop_20201201_20210301,public_wikiviews,False,84,16,0.55,0.28958333333333336,0.0,,-26.0,diag_levels_only
wikiviews_united_states_capitol_20201215_20210301,public_wikiviews,False,69,16,0.55,0.4111111111111111,0.125,,-16.0,base_returns
wikiviews_united_states_capitol_20201215_20210301,public_wikiviews,False,69,16,0.55,0.4111111111111111,0.125,,-16.0,"gauge_affine(a=2.5,b=7.0)"
wikiviews_united_states_capitol_20201215_20210301,public_wikiviews,False,70,16,0.55,0.1423611111111111,0.0,,-18.0,diag_levels_only
local_gpu_cooling_unified,local_harvest,True,21252,256,0.55,0.5747727886161857,0.17440225035161744,-26.0,-26.0,base_returns
local_gpu_cooling_unified,local_harvest,True,21252,256,0.55,0.5862580979033536,0.17440225035161744,-26.0,-26.0,"gauge_affine(a=2.5,b=7.0)"
local_gpu_cooling_unified,local_harvest,True,10626,128,0.55,0.530904998147641,0.15075707702435814,-19.0,-19.0,gauge_decimate2
local_gpu_cooling_unified,local_harvest,True,21210,256,0.55,0.365639385251509,0.022819237147595355,-2.0,-2.0,diag_levels_only
