dataset,kind,heuristic_event,N,window,Theta*,AUC,Precision_at_Theta*,Lead@Hit,Lead@Any,variant
live_temp_20251017-233152,real_live,True,53,10,0.55,0.3564189189189189,0.3404255319148936,15.0,19.0,base_returns+cooling_event
wikiviews_gamestop_20201201_20210301,public_wikiviews,False,83,16,0.55,0.547316384180791,0.23076923076923078,,-2.0,base_returns+cooling_event
wikiviews_united_states_capitol_20201215_20210301,public_wikiviews,False,69,16,0.55,0.4185185185185185,0.125,,-2.0,base_returns+cooling_event
local_gpu_cooling_unified,local_harvest,True,21209,256,0.55,0.510764851933681,0.17345132743362832,3551.0,3551.0,base_returns+cooling_event
