dataset,kind,heuristic_event,N,window,Theta*,AUC,Precision_at_Theta*,Lead@Hit,Lead@Any,variant
live_temp_20251017-233152,real_live,True,54,10,0.55,0.08658008658008658,0.0,,-22.0,base
live_temp_20251017-233152,real_live,True,54,10,0.55,0.08658008658008658,0.0,,-22.0,"gauge_affine(a=2.5,b=7.0)"
wikiviews_gamestop_20201201_20210301,public_wikiviews,False,84,16,0.55,0.3291788856304985,0.0,,-23.0,base
wikiviews_gamestop_20201201_20210301,public_wikiviews,False,84,16,0.55,0.3291788856304985,0.0,,-23.0,"gauge_affine(a=2.5,b=7.0)"
wikiviews_gamestop_20201201_20210301,public_wikiviews,False,39,8,0.55,0.2435064935064935,0.0,,-12.0,gauge_decimate2
wikiviews_united_states_capitol_20201215_20210301,public_wikiviews,False,70,16,0.55,0.1423611111111111,0.0,,-17.0,base
wikiviews_united_states_capitol_20201215_20210301,public_wikiviews,False,70,16,0.55,0.1423611111111111,0.0,,-17.0,"gauge_affine(a=2.5,b=7.0)"
wikiviews_chatgpt_20221101_20230131,public_wikiviews,False,51,9,0.55,,0.0,,,base
wikiviews_chatgpt_20221101_20230131,public_wikiviews,False,51,9,0.55,,0.0,,,"gauge_affine(a=2.5,b=7.0)"
local_gpu_cooling_unified,local_harvest,True,21210,256,0.55,0.365639385251509,0.022819237147595355,-1.0,-1.0,base
local_gpu_cooling_unified,local_harvest,True,21210,256,0.55,0.36280775946220956,0.022819237147595355,-1.0,-1.0,"gauge_affine(a=2.5,b=7.0)"
local_gpu_cooling_unified,local_harvest,True,10606,128,0.55,0.2546285412013636,0.026821139501666404,-1.0,-1.0,gauge_decimate2
